<?xml version="1.0" encoding="UTF-8" ?>
<!DOCTYPE mapper PUBLIC "-//mybatis.org//DTD Mapper 3.0//EN" "http://mybatis.org/dtd/mybatis-3-mapper.dtd" >
<mapper namespace="com.dtlonline.shop.mapper.ProductRecordDao">

    <select id="productRecordList" resultType="com.dtlonline.shop.model.ProductRecord">
        SELECT
          pr.id,
          pr.txnId,
          pr.imgs,
          pr.title,
          pr.unitPrice,
          pr.stock,
          pr.status,
          pr.userId,
          pr.shopId,
          pr.createTime,
          pr.categoryId
        FROM
          product_record pr
        <where>
            <if test="condition.title!=null and condition.title!=''">
                pr.title = #{condition.title}
            </if>
            <if test="condition.status!=null">
                AND pr.status = #{condition.status}
            </if>
        </where>
        ORDER BY
          pr.createTime DESC
    </select>

    <select id="queryProductRecordsByShopId" resultType="com.dtlonline.shop.view.ProductBriefnessDTO">
        SELECT * FROM product_record WHERE shopId = #{shopPage.shopId}
    </select>
    <select id="queryItsRecordsExceptPassProducts" resultType="com.dtlonline.shop.view.ProductBriefnessDTO">
        SELECT id, title, imgs, city, stock, unitPrice, status ,`type` FROM product_record WHERE shopId = #{shopPage.shopId} AND userId = #{userId} AND `status` != 1 AND `type` = 1 ORDER BY id DESC
    </select>

    <update id="updateProductByStatus">
        UPDATE
          product_record
            SET
              recordName = #{recordName} ,objection = #{checkInfo.opinion},status = #{checkInfo.status}
            WHERE id = #{checkInfo.id} AND status != 1
    </update>
</mapper>