<?xml version="1.0" encoding="UTF-8" ?>
<!DOCTYPE mapper PUBLIC "-//mybatis.org//DTD Mapper 3.0//EN" "http://mybatis.org/dtd/mybatis-3-mapper.dtd" >
<mapper namespace="com.dtlonline.shop.mapper.ShopDao">
    <select id="queryShopsInPageByCondition" resultType="com.dtlonline.shop.view.ShopPageInfoDTO">
        SELECT * FROM shop
        <where>
            <if test="name != null">
                name LIKE #{name}
            </if>
            <if test="shopType != null">
                AND type = #{shopType}
            </if>
        </where>
    </select>
</mapper>